threshold,trades,accuracy,sharpe,max_drawdown,total_return,coverage,win_rate
0.7,0,0.0,0.0,0.0,0.0,0.0,0.0
0.6,3,1.0,73.25326697488622,0.0,0.02475073230381608,0.0036363636363636364,1.0
0.55,46,1.0,19.77733538007019,2.7456374586321897e-05,0.8564129556801152,0.055757575757575756,1.0
0.5,215,0.9953488372093023,18.741119308175904,0.0005805469509970591,23.216787236187525,0.2606060606060606,0.9932432432432432
0.45,484,0.9380165289256198,15.628795759420909,0.13044523853032958,441.66923983128993,0.5866666666666667,0.9285714285714286
