configuration,accuracy,total_return,sharpe,trades
simple_average,0.6666666666666666,0.005735092199426806,5.243960387416017,3
