threshold,trades,accuracy,total_return,sharpe,max_drawdown,coverage,meets_minimum
0.7,0,0.0,0.0,0.0,0.0,0.0,False
0.6,3,1.0,0.02475073230381608,73.25326697488622,0.0,0.0036363636363636364,False
0.55,46,1.0,0.8564129556801152,19.77733538007019,2.7456374586321897e-05,0.055757575757575756,True
0.5,215,0.9953488372093023,23.216787236187525,18.741119308175904,0.0005805469509970591,0.2606060606060606,True
0.45,484,0.9380165289256198,441.66923983128993,15.628795759420909,0.13044523853032958,0.5866666666666667,True
0.4,779,0.8472400513478819,2411.660898981185,13.329660837841542,0.14109353222080448,0.9442424242424242,True
0.35,825,0.8363636363636363,2667.299541370122,13.4013575842155,0.1287989224708406,1.0,True
0.3,825,0.8363636363636363,2667.299541370122,13.4013575842155,0.1287989224708406,1.0,True
