shift_days,accuracy,total_return,sharpe
0,1.0,0.02475073230381608,73.25326697488622
-2,0.9684908789386402,8031.408048762326,19.194515300042564
-1,1.0,37566.93691007453,17.398847015053725
1,0.0,0.0,0.0
2,0.0,0.0,0.0
