cost_bps,trades,accuracy,total_return,sharpe,max_drawdown,coverage
0,215,0.9953488372093023,26.99001042488433,18.741119308175904,0.0,0.2606060606060606
5,215,0.9953488372093023,25.03559377663784,18.741119308175904,8.054695099710853e-05,0.2606060606060606
10,215,0.9953488372093023,23.216787236187525,18.741119308175904,0.0005805469509970591,0.2606060606060606
20,215,0.9953488372093023,19.94924534512856,18.741119308175904,0.001580546950996996,0.2606060606060606
50,215,0.9953488372093023,12.550430347852526,18.741119308175904,0.007451846673875952,0.2606060606060606
